https://ablink.info.korbit.co.kr,TRACE,000
https://ablink.info.korbit.co.kr,PUT,000
https://ablink.info.korbit.co.kr,PATCH,000
https://ablink.info.korbit.co.kr,DELETE,000
https://ablink.info.korbit.co.kr,OPTIONS,000
https://ablink.marketing.korbit.co.kr,TRACE,000
https://ablink.marketing.korbit.co.kr,PUT,000
https://ablink.marketing.korbit.co.kr,PATCH,000
https://ablink.marketing.korbit.co.kr,DELETE,000
https://ablink.marketing.korbit.co.kr,OPTIONS,000
https://ajax.korbit.co.kr,TRACE,000
https://ajax.korbit.co.kr,PUT,000
https://ajax.korbit.co.kr,PATCH,000
https://ajax.korbit.co.kr,DELETE,000
https://ajax.korbit.co.kr,OPTIONS,000
https://api.korbit.co.kr,TRACE,000
https://api.korbit.co.kr,PUT,000
https://api.korbit.co.kr,PATCH,000
https://api.korbit.co.kr,DELETE,000
https://api.korbit.co.kr,OPTIONS,000
https://apidocs.korbit.co.kr,TRACE,000
https://apidocs.korbit.co.kr,PUT,000
https://apidocs.korbit.co.kr,PATCH,000
https://apidocs.korbit.co.kr,DELETE,000
https://apidocs.korbit.co.kr,OPTIONS,000
https://assets.korbit.co.kr,TRACE,000
https://assets.korbit.co.kr,PUT,000
https://assets.korbit.co.kr,PATCH,000
https://assets.korbit.co.kr,DELETE,000
https://assets.korbit.co.kr,OPTIONS,000
https://biz.korbit.co.kr,TRACE,000
https://biz.korbit.co.kr,PUT,000
https://biz.korbit.co.kr,PATCH,000
https://biz.korbit.co.kr,DELETE,000
https://biz.korbit.co.kr,OPTIONS,000
https://cdn.korbit.co.kr,TRACE,000
https://cdn.korbit.co.kr,PUT,000
https://cdn.korbit.co.kr,PATCH,000
https://cdn.korbit.co.kr,DELETE,000
https://cdn.korbit.co.kr,OPTIONS,000
https://cdn.portal.korbit.co.kr,TRACE,000
https://cdn.portal.korbit.co.kr,PUT,000
https://cdn.portal.korbit.co.kr,PATCH,000
https://cdn.portal.korbit.co.kr,DELETE,000
https://cdn.portal.korbit.co.kr,OPTIONS,000
https://developers.korbit.co.kr,TRACE,000
https://developers.korbit.co.kr,PUT,000
https://developers.korbit.co.kr,PATCH,000
https://developers.korbit.co.kr,DELETE,000
https://developers.korbit.co.kr,OPTIONS,000
https://docs.korbit.co.kr,TRACE,000
https://docs.korbit.co.kr,PUT,000
https://docs.korbit.co.kr,PATCH,000
https://docs.korbit.co.kr,DELETE,000
https://docs.korbit.co.kr,OPTIONS,000
https://email-link.korbit.co.kr,TRACE,000
https://email-link.korbit.co.kr,PUT,000
https://email-link.korbit.co.kr,PATCH,000
https://email-link.korbit.co.kr,DELETE,000
https://email-link.korbit.co.kr,OPTIONS,000
https://email.korbit.co.kr,TRACE,000
https://email.korbit.co.kr,PUT,000
https://email.korbit.co.kr,PATCH,000
https://email.korbit.co.kr,DELETE,000
https://email.korbit.co.kr,OPTIONS,000
https://eth-cf.korbit.co.kr,TRACE,000
https://eth-cf.korbit.co.kr,PUT,000
https://eth-cf.korbit.co.kr,PATCH,000
https://eth-cf.korbit.co.kr,DELETE,000
https://eth-cf.korbit.co.kr,OPTIONS,000
https://exchange.korbit.co.kr,TRACE,000
https://exchange.korbit.co.kr,PUT,000
https://exchange.korbit.co.kr,PATCH,000
https://exchange.korbit.co.kr,DELETE,000
https://exchange.korbit.co.kr,OPTIONS,000
https://insights.korbit.co.kr,TRACE,000
https://insights.korbit.co.kr,PUT,000
https://insights.korbit.co.kr,PATCH,000
https://insights.korbit.co.kr,DELETE,000
https://insights.korbit.co.kr,OPTIONS,000
https://korbit.co.kr,TRACE,000
https://korbit.co.kr,PUT,000
https://korbit.co.kr,PATCH,000
https://korbit.co.kr,DELETE,000
https://korbit.co.kr,OPTIONS,000
https://lightning.korbit.co.kr,TRACE,000
https://lightning.korbit.co.kr,PUT,000
https://lightning.korbit.co.kr,PATCH,000
https://lightning.korbit.co.kr,DELETE,000
https://lightning.korbit.co.kr,OPTIONS,000
https://m.korbit.co.kr,TRACE,000
https://m.korbit.co.kr,PUT,000
https://m.korbit.co.kr,PATCH,000
https://m.korbit.co.kr,DELETE,000
https://m.korbit.co.kr,OPTIONS,000
https://maintenance.korbit.co.kr,TRACE,000
https://maintenance.korbit.co.kr,PUT,000
https://maintenance.korbit.co.kr,PATCH,000
https://maintenance.korbit.co.kr,DELETE,000
https://maintenance.korbit.co.kr,OPTIONS,000
https://marketing.korbit.co.kr,TRACE,000
https://marketing.korbit.co.kr,PUT,000
https://marketing.korbit.co.kr,PATCH,000
https://marketing.korbit.co.kr,DELETE,000
https://marketing.korbit.co.kr,OPTIONS,000
https://nft.korbit.co.kr,TRACE,000
https://nft.korbit.co.kr,PUT,000
https://nft.korbit.co.kr,PATCH,000
https://nft.korbit.co.kr,DELETE,000
https://nft.korbit.co.kr,OPTIONS,000
https://portal-cdn.korbit.co.kr,TRACE,000
https://portal-cdn.korbit.co.kr,PUT,000
https://portal-cdn.korbit.co.kr,PATCH,000
https://portal-cdn.korbit.co.kr,DELETE,000
https://portal-cdn.korbit.co.kr,OPTIONS,000
https://portal-prod.korbit.co.kr,TRACE,000
https://portal-prod.korbit.co.kr,PUT,000
https://portal-prod.korbit.co.kr,PATCH,000
https://portal-prod.korbit.co.kr,DELETE,000
https://portal-prod.korbit.co.kr,OPTIONS,000
https://portal.korbit.co.kr,TRACE,000
https://portal.korbit.co.kr,PUT,000
https://portal.korbit.co.kr,PATCH,000
https://portal.korbit.co.kr,DELETE,000
https://portal.korbit.co.kr,OPTIONS,000
https://studio.korbit.co.kr,TRACE,000
https://studio.korbit.co.kr,PUT,000
https://studio.korbit.co.kr,PATCH,000
https://studio.korbit.co.kr,DELETE,000
https://studio.korbit.co.kr,OPTIONS,000
https://support.korbit.co.kr,TRACE,000
https://support.korbit.co.kr,PUT,000
https://support.korbit.co.kr,PATCH,000
https://support.korbit.co.kr,DELETE,000
https://support.korbit.co.kr,OPTIONS,000
https://svelte.korbit.co.kr,TRACE,000
https://svelte.korbit.co.kr,PUT,000
https://svelte.korbit.co.kr,PATCH,000
https://svelte.korbit.co.kr,DELETE,000
https://svelte.korbit.co.kr,OPTIONS,000
https://w2b.korbit.co.kr,TRACE,000
https://w2b.korbit.co.kr,PUT,000
https://w2b.korbit.co.kr,PATCH,000
https://w2b.korbit.co.kr,DELETE,000
https://w2b.korbit.co.kr,OPTIONS,000
https://ws.korbit.co.kr,TRACE,000
https://ws.korbit.co.kr,PUT,000
https://ws.korbit.co.kr,PATCH,000
https://ws.korbit.co.kr,DELETE,000
https://ws.korbit.co.kr,OPTIONS,000
https://www.korbit.co.kr,TRACE,000
https://www.korbit.co.kr,PUT,000
https://www.korbit.co.kr,PATCH,000
https://www.korbit.co.kr,DELETE,000
https://www.korbit.co.kr,OPTIONS,000
